{
  "gpt-4o-mini": {
    "performance_summary": {
      "total_combinations": 16,
      "accuracy_stats": {
        "mean": 0.9861111111111112,
        "std": 0.024845199749997673,
        "min": 0.9444444444444444,
        "max": 1.0
      },
      "consistency_stats": {
        "mean": 0.5,
        "std": 0.0,
        "min": 0.5,
        "max": 0.5
      },
      "weighted_index_stats": {
        "mean": 0.8402777777777778,
        "std": 0.01739163982499835,
        "min": 0.8111111111111111,
        "max": 0.85
      }
    },
    "best_combination": {
      "variant_id": "v1",
      "custom_accuracy": 1.0,
      "consistency_score": 0.5,
      "weighted_index": 0.85
    },
    "total_variants_tested": 16
  }
}