{
  "experiment_metadata": {
    "timestamp": "2025-05-26T15:07:46.398772",
    "experiment_type": "context_enhanced_execution",
    "total_models": 2,
    "variants_per_model": 2
  },
  "baseline_reference": {
    "gpt-4.1": {
      "variant_id": "v6",
      "weighted_index": 0.8684444444444444,
      "custom_accuracy": 0.9577777777777777,
      "consistency_score": 0.66
    },
    "gpt-4o-mini": {
      "variant_id": "v15",
      "weighted_index": 0.8744444444444444,
      "custom_accuracy": 0.9577777777777777,
      "consistency_score": 0.68
    }
  },
  "enhanced_results": {
    "gpt-4.1": {
      "baseline_performance": {
        "variant_id": "v6",
        "custom_accuracy": 0.9577777777777777,
        "consistency_score": 0.66,
        "weighted_index": 0.8684444444444444
      },
      "enhanced_performance": {
        "best_variant_id": "v6_prefix",
        "custom_accuracy": 0.9561111111111111,
        "consistency_score": 1.0,
        "weighted_index": 0.9692777777777777
      },
      "improvement": {
        "accuracy_improvement": -0.0016666666666665941,
        "consistency_improvement": 0.33999999999999997,
        "weighted_index_improvement": 0.10083333333333333
      },
      "all_enhanced_variants": {
        "v6_prefix": {
          "custom_accuracy": 0.9561111111111111,
          "consistency_score": 1.0,
          "weighted_index": 0.9692777777777777,
          "context_position": "unknown"
        },
        "v6_suffix": {
          "custom_accuracy": 0.9538888888888889,
          "consistency_score": 1.0,
          "weighted_index": 0.9677222222222222,
          "context_position": "unknown"
        }
      }
    },
    "gpt-4o-mini": {
      "baseline_performance": {
        "variant_id": "v15",
        "custom_accuracy": 0.9577777777777777,
        "consistency_score": 0.68,
        "weighted_index": 0.8744444444444444
      },
      "enhanced_performance": {
        "best_variant_id": "v15_prefix",
        "custom_accuracy": 0.9494444444444444,
        "consistency_score": 1.0,
        "weighted_index": 0.9646111111111111
      },
      "improvement": {
        "accuracy_improvement": -0.008333333333333304,
        "consistency_improvement": 0.31999999999999995,
        "weighted_index_improvement": 0.09016666666666673
      },
      "all_enhanced_variants": {
        "v15_prefix": {
          "custom_accuracy": 0.9494444444444444,
          "consistency_score": 1.0,
          "weighted_index": 0.9646111111111111,
          "context_position": "unknown"
        },
        "v15_suffix": {
          "custom_accuracy": 0.9438888888888889,
          "consistency_score": 1.0,
          "weighted_index": 0.9607222222222223,
          "context_position": "unknown"
        }
      }
    }
  }
}